<?xml version="1.0" ?>
<data>
  <!--NOTE: This is an ** Autogenerated file **-->
  <!--BlockSize = 256 KB-->
  <!--PageSize  = 4 KB-->
  <!--NUM_PARTITION_SECTORS  = 131072-->
  <erase PAGES_PER_BLOCK="64" SECTOR_SIZE_IN_BYTES="4096" num_partition_sectors="640" physical_partition_number="0" start_sector="0"/>
  <erase PAGES_PER_BLOCK="64" SECTOR_SIZE_IN_BYTES="4096" num_partition_sectors="640" physical_partition_number="0" start_sector="640"/>
  <program PAGES_PER_BLOCK="64" SECTOR_SIZE_IN_BYTES="4096" filename="partition_complete_p4K_b256K.mbn" num_partition_sectors="640" physical_partition_number="0" start_sector="640"/>
  <erase PAGES_PER_BLOCK="64" SECTOR_SIZE_IN_BYTES="4096" num_partition_sectors="768" physical_partition_number="0" start_sector="9472"/>
  <program PAGES_PER_BLOCK="64" SECTOR_SIZE_IN_BYTES="4096" filename="..\tz.mbn" num_partition_sectors="768" physical_partition_number="0" start_sector="9472"/>
  <erase PAGES_PER_BLOCK="64" SECTOR_SIZE_IN_BYTES="4096" num_partition_sectors="768" physical_partition_number="0" start_sector="10240"/>
  <program PAGES_PER_BLOCK="64" SECTOR_SIZE_IN_BYTES="4096" filename="..\rpm.mbn" num_partition_sectors="768" physical_partition_number="0" start_sector="10240"/>
  <erase PAGES_PER_BLOCK="64" SECTOR_SIZE_IN_BYTES="4096" num_partition_sectors="768" physical_partition_number="0" start_sector="11008"/>
  <program PAGES_PER_BLOCK="64" SECTOR_SIZE_IN_BYTES="4096" filename="..\appsboot.mbn" num_partition_sectors="768" physical_partition_number="0" start_sector="11008"/>
  <erase PAGES_PER_BLOCK="64" SECTOR_SIZE_IN_BYTES="4096" num_partition_sectors="2560" physical_partition_number="0" start_sector="11776"/>
  <program PAGES_PER_BLOCK="64" SECTOR_SIZE_IN_BYTES="4096" filename="..\mdm9607-perf-boot.img" num_partition_sectors="2560" physical_partition_number="0" start_sector="11776"/>
  <erase PAGES_PER_BLOCK="64" SECTOR_SIZE_IN_BYTES="4096" num_partition_sectors="20544" physical_partition_number="0" start_sector="18560"/>
  <program PAGES_PER_BLOCK="64" SECTOR_SIZE_IN_BYTES="4096" filename="..\NON-HLOS.ubi" num_partition_sectors="20544" physical_partition_number="0" start_sector="18560"/>
  <erase PAGES_PER_BLOCK="64" SECTOR_SIZE_IN_BYTES="4096" num_partition_sectors="2560" physical_partition_number="0" start_sector="39872"/>
  <program PAGES_PER_BLOCK="64" SECTOR_SIZE_IN_BYTES="4096" filename="..\mdm9607-perf-boot.img" num_partition_sectors="2560" physical_partition_number="0" start_sector="39872"/>
  <erase PAGES_PER_BLOCK="64" SECTOR_SIZE_IN_BYTES="4096" num_partition_sectors="7680" physical_partition_number="0" start_sector="47552"/>
  <program PAGES_PER_BLOCK="64" SECTOR_SIZE_IN_BYTES="4096" filename="..\mdm-perf-recovery-image-mdm9607-perf.ubi" num_partition_sectors="7680" physical_partition_number="0" start_sector="47552"/>
  <erase PAGES_PER_BLOCK="64" SECTOR_SIZE_IN_BYTES="4096" num_partition_sectors="25600" physical_partition_number="0" start_sector="55232"/>
  <program PAGES_PER_BLOCK="64" SECTOR_SIZE_IN_BYTES="4096" filename="..\mdm9607-perf-sysfs.ubi" num_partition_sectors="25600" physical_partition_number="0" start_sector="55232"/>
  <erase PAGES_PER_BLOCK="64" SECTOR_SIZE_IN_BYTES="4096" num_partition_sectors="50240" physical_partition_number="0" start_sector="80832"/>
  <program PAGES_PER_BLOCK="64" SECTOR_SIZE_IN_BYTES="4096" filename="..\mdm9607-perf-sysfs.ubi" num_partition_sectors="50240" physical_partition_number="0" start_sector="80832"/>
  <program PAGES_PER_BLOCK="64" SECTOR_SIZE_IN_BYTES="4096" filename="..\sbl1.mbn" num_partition_sectors="640" physical_partition_number="0" start_sector="0"/>
</data>
