<?xml version="1.0" ?>
<data>
  <!--NOTE: This is an ** Autogenerated file **-->
  <!--BlockSize = 128 KB-->
  <!--PageSize  = 2 KB-->
  <!--NUM_PARTITION_SECTORS  = 131072-->
  <program PAGES_PER_BLOCK="64" SECTOR_SIZE_IN_BYTES="2048" filename="..\sbl1.mbn" num_partition_sectors="640" physical_partition_number="0" start_sector="0"/>
  <program PAGES_PER_BLOCK="64" SECTOR_SIZE_IN_BYTES="2048" filename="partition_complete_p2K_b128K.mbn" num_partition_sectors="640" physical_partition_number="0" start_sector="640"/>
  <program PAGES_PER_BLOCK="64" SECTOR_SIZE_IN_BYTES="2048" filename="..\tz.mbn" num_partition_sectors="768" physical_partition_number="0" start_sector="13184"/>
  <erase PAGES_PER_BLOCK="64" SECTOR_SIZE_IN_BYTES="2048" num_partition_sectors="576" physical_partition_number="0" start_sector="13952"/>
  <erase PAGES_PER_BLOCK="64" SECTOR_SIZE_IN_BYTES="2048" num_partition_sectors="768" physical_partition_number="0" start_sector="15552"/>
  <program PAGES_PER_BLOCK="64" SECTOR_SIZE_IN_BYTES="2048" filename="..\appsboot.mbn" num_partition_sectors="768" physical_partition_number="0" start_sector="15552"/>
  <erase PAGES_PER_BLOCK="64" SECTOR_SIZE_IN_BYTES="2048" num_partition_sectors="3968" physical_partition_number="0" start_sector="16320"/>
  <program PAGES_PER_BLOCK="64" SECTOR_SIZE_IN_BYTES="2048" filename="..\mdm9607-boot.img" num_partition_sectors="3968" physical_partition_number="0" start_sector="16320"/>
  <erase PAGES_PER_BLOCK="64" SECTOR_SIZE_IN_BYTES="2048" num_partition_sectors="3968" physical_partition_number="0" start_sector="20288"/>
  <program PAGES_PER_BLOCK="64" SECTOR_SIZE_IN_BYTES="2048" filename="..\mdm9607-boot.img" num_partition_sectors="3968" physical_partition_number="0" start_sector="20288"/>
  <erase PAGES_PER_BLOCK="64" SECTOR_SIZE_IN_BYTES="2048" num_partition_sectors="27392" physical_partition_number="0" start_sector="24256"/>
  <program PAGES_PER_BLOCK="64" SECTOR_SIZE_IN_BYTES="2048" filename="..\NON-HLOS.ubi" num_partition_sectors="27392" physical_partition_number="0" start_sector="24256"/>
  <erase PAGES_PER_BLOCK="64" SECTOR_SIZE_IN_BYTES="2048" num_partition_sectors="10368" physical_partition_number="0" start_sector="51968"/>
  <program PAGES_PER_BLOCK="64" SECTOR_SIZE_IN_BYTES="2048" filename="..\mdm9607-recovery.ubi" num_partition_sectors="10368" physical_partition_number="0" start_sector="51968"/>
  <erase PAGES_PER_BLOCK="64" SECTOR_SIZE_IN_BYTES="2048" num_partition_sectors="30720" physical_partition_number="0" start_sector="62336"/>
  <program PAGES_PER_BLOCK="64" SECTOR_SIZE_IN_BYTES="2048" filename="..\usrdata.ubi" num_partition_sectors="30720" physical_partition_number="0" start_sector="62336"/>
  <erase PAGES_PER_BLOCK="64" SECTOR_SIZE_IN_BYTES="2048" num_partition_sectors="37760" physical_partition_number="0" start_sector="93312"/>
  <program PAGES_PER_BLOCK="64" SECTOR_SIZE_IN_BYTES="2048" filename="..\mdm9607-sysfs.ubi" num_partition_sectors="37760" physical_partition_number="0" start_sector="93312"/>
  <erase PAGES_PER_BLOCK="64" SECTOR_SIZE_IN_BYTES="2048" num_partition_sectors="768" physical_partition_number="0" start_sector="13184"/>
  <erase PAGES_PER_BLOCK="64" SECTOR_SIZE_IN_BYTES="2048" num_partition_sectors="640" physical_partition_number="0" start_sector="640"/>
  <erase PAGES_PER_BLOCK="64" SECTOR_SIZE_IN_BYTES="2048" num_partition_sectors="640" physical_partition_number="0" start_sector="0"/>
  <program PAGES_PER_BLOCK="64" SECTOR_SIZE_IN_BYTES="2048" filename="..\rpm.mbn" num_partition_sectors="576" physical_partition_number="0" start_sector="13952"/>
</data>
